{
    "1746148057": {
        "args": {
            "feature_freq": [
                {
                    "coh": "alpha"
                },
                {
                    "coh": "beta"
                },
                {
                    "coh": "delta"
                },
                {
                    "coh": "theta"
                }
            ],
            "hormones": [
                "BDC1.1"
            ],
            "sleep_stages": [
                "N1"
            ],
            "b_size": 4,
            "filter_size": 3,
            "iterations": 5,
            "k_folds": 10,
            "in_channels": 2
        },
        "mse": {
            "G": {
                "0": 0.014937018975615501
            },
            "W": {
                "0": 0.0086344750598073
            },
            "E": {
                "0": 0.021930688992142677
            },
            "C": {
                "0": 0.07099559903144836
            }
        },
        "r2": {
            "G": {
                "0": -13.523923873901367
            },
            "W": {
                "0": -7.278572082519531
            },
            "E": {
                "0": 0.21718305349349976
            },
            "C": {
                "0": -101.13109588623047
            }
        }
    }
}