{
    "params": {
        "feature_freq": [
            {
                "coh": "alpha"
            },
            {
                "coh": "beta"
            }
        ],
        "hormones": [
            "BDC1.1"
        ],
        "sleep_stages": [
            "N1"
        ],
        "b_size": 32,
        "filter_size": 3,
        "iterations": 3,
        "k_folds": 10,
        "in_channels": 1
    },
    "mse": {
        "G": {
            "0": 0.0029090563766658306
        },
        "W": {
            "0": 0.009028361178934574
        },
        "E": {
            "0": 0.03951273486018181
        },
        "C": {
            "0": 0.028830409049987793
        },
        "J": {
            "0": 0.12815411388874054
        },
        "Y": {
            "0": 0.021165253594517708
        },
        "N": {
            "0": 0.2940700650215149
        },
        "F": {
            "0": 0.08438770473003387
        },
        "Q": {
            "0": 0.007960054092109203
        },
        "K": {
            "0": 0.019339710474014282
        }
    },
    "r2": {
        "G": {
            "0": -1.8287789821624756
        },
        "W": {
            "0": -7.656222343444824
        },
        "E": {
            "0": -0.41041100025177
        },
        "C": {
            "0": -40.476722717285156
        },
        extra_css"F": {
            "0": -0.21361315250396729
        },
        "Q": {
            "0": -1.4920461177825928
        },
        "K": {
            "0": -2.484457015991211
        }
    }
}